City_ID,City,Lat,Lng,Max Temp,Humidity,Cloudiness,Wind Speed,Country,Date
0,mulanje,-16.0316,35.5,27.45,45,52,1.89,MW,1700845901
1,elne,42.6003,2.9715,17.17,64,0,8.75,FR,1700845901
2,adamstown,-25.066,-130.1015,21.91,76,97,8.15,PN,1700845902
3,klyuchi,52.2667,79.1667,2.63,97,100,9.18,RU,1700845903
4,keflavik,64.0049,-22.5624,3.24,93,100,9.77,IS,1700845903
5,carnarvon,-24.8667,113.6333,21.46,78,0,6.43,AU,1700845904
6,faya-largeau,17.9257,19.1043,27.83,15,87,1.72,TD,1700845905
7,puerto natales,-51.7236,-72.4875,14.25,47,0,4.12,CL,1700845906
8,qui nhon,13.7667,109.2333,24.09,77,100,7.44,VN,1700845906
9,hawaiian paradise park,19.5933,-154.9731,22.24,95,20,0.0,US,1700845907
10,black point,-34.6187,137.8972,15.4,88,90,4.13,AU,1700845908
11,lihue,21.9789,-159.3672,21.87,92,40,2.57,US,1700845908
12,hithadhoo,-0.6,73.0833,27.64,78,95,3.76,MV,1700845909
13,sola,-13.8833,167.55,25.35,69,100,7.02,VU,1700845910
14,olonkinbyen,70.9221,-8.7187,-2.05,56,100,3.18,SJ,1700845911
15,potiskum,11.7091,11.0694,30.04,25,78,2.81,NG,1700845911
16,waitangi,-43.9535,-176.5597,12.68,96,82,1.34,NZ,1700845912
17,hamilton,39.1834,-84.5333,7.21,71,75,6.17,US,1700845268
18,port-aux-francais,-49.35,70.2167,5.23,81,53,11.06,TF,1700845686
19,nouadhibou,20.931,-17.0347,22.99,64,0,8.23,MR,1700845914
20,hasaki,35.7333,140.8333,9.22,50,98,11.04,JP,1700845915
21,port elizabeth,-33.918,25.5701,19.62,86,97,2.24,ZA,1700845916
22,blackmans bay,-43.0167,147.3167,13.62,92,84,1.0,AU,1700845917
23,tralee,52.2704,-9.7026,9.14,93,75,1.54,IE,1700845918
24,tura,25.5198,90.2201,18.08,84,1,1.3,IN,1700845919
25,papatowai,-46.5619,169.4708,4.45,78,4,1.79,NZ,1700845920
26,ushuaia,-54.8,-68.3,13.79,95,100,2.62,AR,1700845874
27,dakhla,23.6848,-15.958,19.8,80,0,8.25,EH,1700845921
28,pechora,65.1472,57.2244,-10.08,95,100,1.34,RU,1700845922
29,papao,-17.75,-149.55,26.82,88,100,12.04,PF,1700845923
30,yellowknife,62.456,-114.3525,-12.18,93,35,3.23,CA,1700845924
31,cockburn town,21.4612,-71.1419,27.03,79,53,7.98,TC,1700845925
32,bethel,41.3712,-73.414,9.74,51,0,4.12,US,1700845926
33,alta,69.9689,23.2717,-9.41,82,0,3.09,NO,1700845926
34,cabo san lucas,22.8909,-109.9124,28.06,66,40,1.54,MX,1700845845
35,tolanaro,-25.0319,46.9987,24.19,84,0,9.03,MG,1700845929
36,ta`u,-14.2336,-169.5144,27.35,78,79,5.24,AS,1700845930
37,nuuk,64.1835,-51.7216,-0.66,59,40,1.54,GL,1700845931
38,jinchang,38.4953,102.1739,-0.49,32,15,3.14,CN,1700845931
39,taltal,-25.4,-70.4833,20.08,66,11,3.62,CL,1700845932
40,bilibino,68.0546,166.4372,-23.72,99,95,2.0,RU,1700845933
41,bredasdorp,-34.5322,20.0403,17.97,62,99,5.2,ZA,1700845934
42,kavaratti,10.5669,72.642,28.29,75,100,3.95,IN,1700845935
43,revda,56.801,59.9303,-15.79,96,100,1.67,RU,1700845666
44,vila franca do campo,37.7167,-25.4333,20.23,99,100,2.62,PT,1700845937
45,lompoc,34.6391,-120.4579,16.58,83,0,3.09,US,1700845938
46,port mathurin,-19.6833,63.4167,24.19,62,58,8.44,MU,1700845939
47,saynshand,44.8824,110.1163,-12.71,77,93,2.52,MN,1700845940
48,port blair,11.6667,92.75,27.01,75,40,4.75,IN,1700845941
49,anadyr,64.75,177.4833,-4.72,93,75,2.0,RU,1700845942
50,ust-nera,64.5667,143.2,-32.71,100,98,3.34,RU,1700845943
51,fort bragg,35.139,-79.006,17.12,59,100,3.09,US,1700845944
52,wailua homesteads,22.0669,-159.378,21.53,91,40,2.57,US,1700845945
53,grytviken,-54.2811,-36.5092,2.54,77,88,2.97,GS,1700845947
54,kavieng,-2.5744,150.7967,27.33,78,92,1.69,PG,1700845952
55,new martinsville,39.6445,-80.8576,7.18,82,54,3.13,US,1700845955
56,port antonio,18.18,-76.4612,32.22,68,60,2.52,JM,1700845957
57,phanat nikhom,13.4458,101.1844,28.28,69,51,2.97,TH,1700845959
58,burang,30.25,81.1667,-3.49,72,52,0.96,CN,1700845961
59,igarka,67.4667,86.5833,-29.25,99,17,1.8,RU,1700845903
60,el porvenir,13.7617,-87.3458,27.63,57,48,1.21,HN,1700845963
61,ixtapa,20.7,-105.2,27.35,44,0,2.57,MX,1700845770
62,touros,-5.1989,-35.4608,29.15,61,100,7.18,BR,1700845965
63,havre,49.5833,0.3333,8.22,66,75,9.77,FR,1700845966
64,edinburgh of the seven seas,-37.0676,-12.3116,11.75,92,100,5.82,SH,1700845966
65,tiksi,71.6872,128.8694,-32.34,100,70,1.17,RU,1700845967
66,as sulayyil,20.4607,45.5779,26.14,30,18,4.22,SA,1700845968
67,thompson,55.7435,-97.8558,-4.58,75,43,6.35,CA,1700845969
68,shingu,33.7333,135.9833,6.56,69,2,2.66,JP,1700845970
69,stanley,54.868,-1.6985,3.17,72,20,5.14,GB,1700845970
70,island harbour,50.724,-1.2758,6.37,68,34,1.79,GB,1700845971
71,oranjemund,-28.55,16.4333,17.71,81,5,7.5,,1700845972
72,cidreira,-30.1811,-50.2056,21.44,55,59,6.27,BR,1700845713
73,fort mcmurray,56.7268,-111.381,2.31,58,4,4.48,CA,1700845950
74,susuman,62.7833,148.1667,-25.78,95,100,2.76,RU,1700845974
75,vadso,70.0744,29.7487,-0.51,80,75,8.23,NO,1700845975
76,byron bay,-28.65,153.6167,18.17,76,95,2.23,AU,1700845781
77,severo-yeniseyskiy,60.3725,93.0408,-28.56,99,37,1.62,RU,1700845976
78,iqaluit,63.7506,-68.5145,-14.4,92,67,1.69,CA,1700845977
79,happy valley-goose bay,53.3168,-60.3315,-4.45,76,100,6.54,CA,1700845978
80,lensk,60.7253,114.9278,-16.92,91,100,3.73,RU,1700845979
81,caister-on-sea,52.6481,1.7265,5.79,71,78,14.51,GB,1700845979
82,fort st. john,56.2499,-120.8529,-6.34,95,52,1.87,CA,1700845980
83,hadibu,12.65,54.0333,26.46,69,30,3.96,YE,1700845981
84,kulhudhuffushi,6.6221,73.07,27.04,78,100,2.73,MV,1700845982
85,argostolion,38.1811,20.489,18.75,67,75,3.09,GR,1700845982
86,kerimaki,61.9167,29.2833,-11.03,85,75,4.12,FI,1700845984
87,ribeira grande,38.5167,-28.7,19.22,88,75,4.02,PT,1700845985
88,ryotsu-minato,38.0833,138.4333,4.62,62,94,11.85,JP,1700845986
89,albany,42.6001,-73.9662,4.97,56,27,2.24,US,1700845901
90,bay roberts,47.5999,-53.2648,10.08,95,100,4.92,CA,1700845989
91,toliara,-23.35,43.6667,25.87,86,0,3.08,MG,1700845990
92,puerto ayora,-0.7393,-90.3518,28.98,91,95,5.36,EC,1700845990
93,saint-pierre,-21.3393,55.4781,24.82,69,75,10.8,RE,1700845991
94,az zulfi,26.2995,44.8154,18.72,53,77,5.6,SA,1700845992
95,hailun,47.45,126.9333,-18.94,88,5,3.76,CN,1700845993
96,belmonte,-15.8631,-38.8828,29.58,66,16,6.26,BR,1700845994
97,jamestown,42.097,-79.2353,0.95,69,85,2.68,US,1700845750
98,la ronge,55.1001,-105.2842,-0.13,69,27,8.29,CA,1700845996
99,vila velha,-20.3297,-40.2925,28.97,82,75,7.72,BR,1700845746
100,north tonawanda,43.0387,-78.8642,1.36,67,100,4.12,US,1700845997
101,kuandian,40.7286,124.7847,-9.56,46,0,2.18,CN,1700845998
102,gadzhiyevo,69.2551,33.3362,-3.65,87,100,3.51,RU,1700845999
103,vorgashor,67.5833,63.95,-12.11,87,100,3.98,RU,1700846000
104,cromer,52.9312,1.2989,6.15,60,69,4.02,GB,1700846001
105,jatiroto,-7.8833,111.1167,24.47,90,100,1.22,ID,1700846003
106,egilsstadir,65.2653,-14.3948,-6.05,79,0,2.06,IS,1700846004
107,sodo,6.8642,37.7628,15.84,63,24,1.47,ET,1700846005
108,al jadid,27.05,14.4,16.25,25,0,4.48,LY,1700846006
109,remire-montjoly,4.9167,-52.2667,28.02,89,75,1.03,GF,1700846007
110,whitehorse,60.7161,-135.0538,-2.77,95,94,1.8,CA,1700845820
111,san pedro pochutla,15.7333,-96.4667,29.82,52,21,1.57,MX,1700846008
112,yarmouth,41.7057,-70.2286,10.64,57,0,6.71,US,1700845802
113,kathmandu,27.7167,85.3167,14.39,80,20,1.54,NP,1700845382
114,nema,57.5067,50.5011,-12.31,92,100,4.65,RU,1700846011
115,college,64.8569,-147.8028,-6.97,87,0,1.54,US,1700845937
116,newman,37.3138,-121.0208,11.14,28,0,5.05,US,1700846012
117,pisco,-13.7,-76.2167,22.23,76,50,4.06,PE,1700846013
118,el obeid,13.1842,30.2167,30.32,21,11,3.74,SD,1700846014
119,okha,53.5739,142.9478,-8.43,91,94,11.69,RU,1700846015
120,aitape,-3.1374,142.3475,25.52,90,64,1.7,PG,1700846016
121,naze,28.3667,129.4833,15.69,69,3,10.47,JP,1700846017
122,leck,54.7669,8.9785,3.3,83,79,8.47,DE,1700846018
123,margaret river,-33.95,115.0667,20.04,56,68,4.5,AU,1700846018
124,nemuro,43.3236,145.575,1.26,69,98,8.61,JP,1700846019
125,piti village,13.4626,144.6933,27.49,86,40,3.6,GU,1700846020
126,rugaji,57.0,27.1333,-2.87,95,100,2.09,LV,1700846021
127,sandnessjoen,66.0217,12.6316,0.23,74,20,4.63,NO,1700846022
128,dzilam gonzalez,21.2833,-88.9333,31.5,47,30,1.4,MX,1700846023
129,elliot,-31.3333,27.85,18.41,83,96,1.36,ZA,1700846024
130,daman,20.4167,72.85,27.29,60,48,2.26,IN,1700846024
131,talnakh,69.4865,88.3972,-23.98,92,32,1.85,RU,1700846025
132,karratha,-20.7377,116.8463,30.29,44,36,2.08,AU,1700846026
133,farmington,36.7281,-108.2187,6.38,72,100,6.69,US,1700845849
134,fisterra,42.9049,-9.2629,14.86,69,5,0.87,ES,1700846027
135,saipan,15.1355,145.701,26.39,83,100,4.12,MP,1700846028
136,trinidad,-14.8333,-64.9,23.99,88,100,5.14,BO,1700845828
137,polyarnyy,69.1989,33.4478,-4.03,87,99,3.48,RU,1700846030
138,petropavlovsk-kamchatsky,53.0452,158.6483,-3.08,76,59,5.36,RU,1700846031
139,coari,-4.085,-63.1414,26.42,81,89,1.76,BR,1700846032
140,bratsk,56.1325,101.6142,-17.59,80,100,2.09,RU,1700846033
141,ketchikan,55.3422,-131.6461,7.99,100,100,3.6,US,1700845978
142,isafjordur,66.0755,-23.124,0.02,74,100,1.03,IS,1700846036
143,afif,23.9065,42.9172,24.35,48,100,2.36,SA,1700846036
144,udachny,66.4167,112.4,-27.53,82,100,1.74,RU,1700846037
145,st ives,50.2086,-5.4875,10.05,76,40,6.17,GB,1700846038
146,n'dalatando,-9.2978,14.9116,21.74,87,55,1.64,AO,1700846039
147,lewistown,40.5992,-77.5714,8.44,79,40,4.55,US,1700846017
148,alice springs,-23.7,133.8833,22.75,49,100,4.12,AU,1700846040
149,koraput,18.8167,82.7167,19.23,90,71,2.06,IN,1700846041
150,santa cruz del sur,20.7147,-77.9956,29.35,61,12,4.59,CU,1700846042
151,kodiak,57.79,-152.4072,6.73,93,100,0.0,US,1700845854
152,ilulissat,69.2167,-51.1,-0.99,51,75,5.14,GL,1700846044
153,seydi,39.4816,62.9137,10.57,57,97,4.1,TM,1700846045
154,gamba,-2.65,10.0,23.69,90,100,2.29,GA,1700846047
155,tazovsky,67.4667,78.7,-20.72,94,13,6.29,RU,1700846048
156,dunedin,-45.8742,170.5036,5.45,82,8,1.67,NZ,1700846049
157,labytnangi,66.6572,66.4183,-13.17,95,100,8.25,RU,1700846050
158,obock,12.25,43.0833,22.64,63,28,5.48,DJ,1700846051
159,suleja,9.1758,7.1808,30.52,43,90,1.78,NG,1700846052
160,hilo,19.7297,-155.09,23.49,95,20,0.89,US,1700846053
161,aasiaat,68.7098,-52.8699,-12.11,87,62,2.41,GL,1700846054
162,fortaleza,-3.7227,-38.5247,32.26,61,0,8.23,BR,1700846055
163,williston,48.147,-103.618,-7.6,22,0,4.19,US,1700846055
164,saint croix,17.7397,-64.7388,30.25,75,0,5.14,VI,1700846056
165,cine,37.6117,28.0614,14.67,75,100,2.17,TR,1700846057
166,kimbe,-5.5502,150.1429,23.97,92,97,1.72,PG,1700846058
167,kingston,17.997,-76.7936,32.91,65,40,1.34,JM,1700845438
168,garachico,28.7781,-17.7646,21.06,68,75,2.06,ES,1700846060
169,iskateley,67.6803,53.1512,-9.99,94,99,4.92,RU,1700846061
170,hotan,37.0997,79.9269,4.7,27,5,1.91,CN,1700846061
171,alakurtti,66.9672,30.3491,-10.24,90,100,3.4,RU,1700846062
172,selfoss,63.9331,-20.9971,1.23,71,100,3.51,IS,1700846063
173,urangan,-25.3,152.9,21.48,78,100,4.51,AU,1700846065
174,san marcos,33.1434,-117.1661,16.98,83,75,2.57,US,1700846066
175,dudinka,69.4058,86.1778,-27.57,99,20,0.77,RU,1700846066
176,laurel,39.0993,-76.8483,12.94,56,0,5.14,US,1700845902
177,fortuna,40.5982,-124.1573,9.19,94,0,2.0,US,1700845852
178,invercargill,-46.4,168.35,4.45,89,1,0.89,NZ,1700846068
179,kununurra,-15.7667,128.7333,25.99,89,92,0.0,AU,1700846069
180,pacasmayo,-7.4006,-79.5714,22.32,71,81,6.29,PE,1700846070
181,natal,-5.795,-35.2094,31.36,51,75,8.23,BR,1700846071
182,inverigo,45.7372,9.2177,12.51,59,1,2.38,IT,1700846072
183,constitucion,-35.3333,-72.4167,18.26,70,46,3.23,CL,1700845858
184,shimoda,34.6667,138.95,11.17,61,29,1.34,JP,1700846073
185,guerrero negro,27.9769,-114.0611,19.54,61,100,2.24,MX,1700846074
186,jianshui,23.6363,102.8264,13.27,90,54,1.73,CN,1700846075
187,horta,38.5333,-28.6333,18.8,89,75,4.02,PT,1700846075
188,taroa,8.7058,171.2275,27.98,81,98,9.38,MH,1700846076
189,abashiri,44.0213,144.2697,-1.18,71,100,8.05,JP,1700846077
190,west island,-12.1568,96.8225,25.99,83,75,5.66,CC,1700846078
191,atafu village,-8.5421,-172.5159,28.68,74,100,4.72,TK,1700846079
192,ataq,14.5377,46.8319,21.29,68,25,3.5,YE,1700846080
193,weno,7.4515,151.8468,28.86,72,83,8.58,FM,1700846081
194,nar'yan-mar,67.6713,53.087,-9.94,94,99,4.92,RU,1700846081
195,lerwick,60.1545,-1.1494,5.0,75,97,12.31,GB,1700846082
196,mili,6.0815,171.735,28.38,79,98,6.71,MH,1700846083
197,fale old settlement,-9.3852,-171.2468,28.7,76,91,4.35,TK,1700846084
198,karema,-6.8205,30.4389,24.17,83,64,4.04,TZ,1700846085
199,kone,-21.0595,164.8658,21.36,73,91,2.28,NC,1700846085
200,st. john's,47.5649,-52.7093,9.88,96,100,9.77,CA,1700846086
201,suva,-18.1416,178.4415,22.71,88,40,1.03,FJ,1700846087
202,enewetak,11.3474,162.3373,28.09,68,21,9.79,MH,1700846087
203,punta arenas,-53.15,-70.9167,10.62,71,100,5.63,CL,1700846035
204,taber,49.8167,-112.1518,-2.89,83,5,6.17,CA,1700846089
205,codrington,-38.2667,141.9667,13.08,95,26,1.89,AU,1700846089
206,hermanus,-34.4187,19.2345,17.48,70,100,4.2,ZA,1700846090
207,gusinoozyorsk,51.2833,106.5,-16.88,87,100,0.4,RU,1700846091
208,aflou,34.1128,2.1023,6.64,50,1,8.94,DZ,1700846092
209,saldanha,-33.0117,17.9442,20.03,76,100,10.53,ZA,1700846092
210,kapa'a,22.0752,-159.319,22.28,90,40,2.57,US,1700846093
211,tarhuna,32.435,13.6332,13.56,54,78,6.68,LY,1700846094
212,santyoku,37.4406,129.1708,-1.47,43,0,3.05,KR,1700846094
213,pacific grove,36.6177,-121.9166,14.66,50,0,4.92,US,1700846095
214,rio verde de mato grosso,-18.9181,-54.8442,31.69,52,93,2.93,BR,1700845874
215,christchurch,-43.5333,172.6333,7.52,81,100,3.09,NZ,1700845890
216,brisas de zicatela,15.8369,-97.0419,30.29,54,40,3.6,MX,1700846097
217,flying fish cove,-10.4217,105.6791,24.82,88,40,4.12,CX,1700846098
218,san patricio,28.017,-97.5169,18.92,68,100,3.84,US,1700846099
219,walvis bay,-22.9575,14.5053,17.27,78,79,4.59,,1700846099
220,cururupu,-1.8283,-44.8683,32.78,49,95,3.74,BR,1700846100
221,jiangyou,31.7667,104.7167,13.5,79,100,0.93,CN,1700846101
222,antalaha,-14.9003,50.2788,24.69,78,92,4.8,MG,1700846102
223,caleta de carquin,-11.0925,-77.6267,22.73,70,64,4.97,PE,1700846104
224,la isla,18.6,-96.15,23.94,72,83,1.14,MX,1700846105
225,jiuquan,39.7432,98.5174,-1.18,33,57,2.74,CN,1700846106
226,dalaba,10.7,-12.25,26.82,30,47,2.68,GN,1700846107
227,bel ombre,-4.6167,55.4167,24.91,94,75,4.12,SC,1700846108
228,bathsheba,13.2167,-59.5167,29.34,74,40,7.72,BB,1700846110
229,isangel,-19.55,169.2667,21.67,75,43,3.9,VU,1700846111
230,ulsteinvik,62.3432,5.8487,6.61,82,100,6.26,NO,1700846112
231,puerto gaitan,4.3133,-72.0816,33.76,47,12,5.69,CO,1700846113
232,pontes e lacerda,-15.2261,-59.3353,29.49,65,92,3.16,BR,1700846115
233,arraial do cabo,-22.9661,-42.0278,24.92,83,100,4.63,BR,1700846116
234,peniche,39.3558,-9.3811,15.72,73,0,4.73,PT,1700846116
235,puerto colombia,10.9878,-74.9547,34.05,70,82,3.24,CO,1700846117
236,metlili chaamba,32.2667,3.6333,15.52,41,5,4.63,DZ,1700846118
237,moimenta da beira,40.9713,-7.6296,7.4,76,8,0.85,PT,1700846119
238,ubari,26.5921,12.7805,15.54,24,0,4.02,LY,1700846120
239,kruisfontein,-34.0033,24.7314,17.33,83,100,3.22,ZA,1700846122
240,usinsk,65.9939,57.5281,-11.63,93,98,2.68,RU,1700846123
241,zhigalovo,54.8097,105.1578,-19.27,93,100,1.19,RU,1700846124
242,kalmunai,7.4167,81.8167,26.06,85,92,2.25,LK,1700846125
243,dolores,-36.3132,-57.6792,26.92,16,0,2.76,AR,1700846126
244,hammerfest,70.6634,23.6821,-5.75,68,40,1.54,NO,1700846127
245,chamical,-30.36,-66.314,26.69,29,90,10.4,AR,1700846128
246,sur,22.5667,59.5289,25.64,65,8,4.09,OM,1700846130
247,puerto baquerizo moreno,-0.9,-89.6,27.55,83,75,6.69,EC,1700846131
248,brookings,44.3114,-96.7984,-5.5,53,0,3.09,US,1700846132
249,el abiodh sidi cheikh,32.893,0.5484,10.93,34,0,5.04,DZ,1700846133
250,lakatoro,-16.0999,167.4164,23.22,72,12,3.8,VU,1700846134
251,rtishchevo,52.2604,43.7874,0.88,92,100,8.47,RU,1700846134
252,vorkuta,67.5,64.0,-12.35,91,100,2.73,RU,1700846136
253,cill airne,52.05,-9.5167,9.03,87,75,1.54,IE,1700846136
254,longyearbyen,78.2186,15.6401,-4.09,86,75,6.69,SJ,1700846138
255,talcahuano,-36.7167,-73.1167,14.51,76,5,2.37,CL,1700846139
256,avarua,-21.2078,-159.775,23.03,94,75,8.75,CK,1700846140
257,beira,-19.8436,34.8389,26.05,73,20,4.63,MZ,1700846140
258,acarau,-2.8856,-40.12,31.61,56,52,8.93,BR,1700846141
259,jackson,42.4165,-122.8345,5.58,92,100,1.54,US,1700846142
260,jaumave,23.4167,-99.3833,24.07,42,0,1.71,MX,1700846143
261,luderitz,-26.6481,15.1594,21.54,57,5,10.41,,1700846144
262,magadan,59.5667,150.8,-20.35,89,87,8.26,RU,1700846145
263,new norfolk,-42.7826,147.0587,14.28,98,89,0.73,AU,1700846146
264,monywa,22.1167,95.1333,20.8,78,3,1.5,MM,1700846147
265,butembo,0.15,29.2833,15.46,96,91,1.03,CD,1700846148
266,tommot,58.9564,126.2925,-20.55,96,100,4.75,RU,1700846149
267,sihanoukville,10.6093,103.5296,25.97,69,40,2.57,KH,1700846149
268,mankapur,27.0333,82.2333,19.58,43,15,1.21,IN,1700846150
269,zhanaozen,43.3,52.8,5.66,73,90,4.4,KZ,1700846151
270,carahue,-38.7,-73.1667,23.2,44,0,3.02,CL,1700845856
271,san luis de la loma,17.2706,-100.8939,28.42,56,1,1.08,MX,1700846152
272,itoman,26.1247,127.6694,20.22,64,100,8.23,JP,1700846153
273,prince rupert,54.3161,-130.3201,6.83,100,100,2.57,CA,1700846113
274,nola,40.922,14.5329,16.92,74,94,1.87,IT,1700846154
275,barra,-11.0894,-43.1417,35.72,27,0,2.52,BR,1700846155
276,pitimbu,-7.4706,-34.8086,30.33,60,0,5.75,BR,1700846156
277,sitka,57.0531,-135.33,8.94,87,75,2.06,US,1700845918
278,tegueste,28.5167,-16.3167,21.16,75,20,6.69,ES,1700846157
279,crane,31.3974,-102.3501,12.37,58,0,0.26,US,1700846158
280,oodweyne,9.4092,45.064,22.52,56,86,4.82,SO,1700846159
281,port alfred,-33.5906,26.891,19.54,95,100,0.89,ZA,1700846159
282,villa canas,-34.0057,-61.6076,30.53,35,68,3.07,AR,1700846160
283,zhangjiakou shi xuanhua qu,40.6103,115.0447,-8.53,44,8,1.86,CN,1700846161
284,palmer,42.1584,-72.3287,8.9,41,40,5.14,US,1700846162
285,howrah,22.5892,88.3103,23.0,73,20,0.0,IN,1700846163
286,vilyuchinsk,52.9306,158.4028,-2.26,84,59,3.83,RU,1700846164
287,brokopondo,4.75,-55.1667,31.28,55,91,1.15,SR,1700846165
288,mar del plata,-38.0023,-57.5575,27.13,55,0,5.66,AR,1700846162
289,tofol,5.3248,163.0078,27.91,82,43,7.24,FM,1700846168
290,al hazm,16.1641,44.7769,24.47,31,3,3.02,YE,1700846169
291,utrik,11.2278,169.8474,28.06,70,66,8.7,MH,1700846170
292,ishigaki,24.3448,124.1572,21.07,68,75,8.75,JP,1700846172
293,las tablas,7.7667,-80.2833,29.21,73,56,2.99,PA,1700846173
294,sangueya,10.7,-14.3667,30.07,54,6,3.83,GN,1700846174
295,el calafate,-50.3408,-72.2768,14.86,50,18,3.4,AR,1700846174
296,padang,-0.9492,100.3543,25.03,90,100,0.73,ID,1700846175
297,haiku-pauwela,20.9219,-156.3051,23.36,82,20,3.09,US,1700846176
298,ponta delgada,37.7333,-25.6667,20.4,94,75,4.12,PT,1700846178
299,lafiagi,8.8667,5.4167,33.09,37,98,1.29,NG,1700846179
300,east london,-33.0153,27.9116,19.52,100,100,1.03,ZA,1700846180
301,harstad,68.799,16.5293,-2.69,81,27,1.6,NO,1700846181
302,muisne,0.6,-80.0333,26.66,77,96,4.42,EC,1700846181
303,stavern,59.0,10.0333,2.4,57,4,3.78,NO,1700846183
304,wildwood,38.5828,-90.6629,6.33,65,0,4.12,US,1700846184
305,shiyan,32.6475,110.7781,3.22,46,2,1.81,CN,1700846184
306,abadeh,31.1608,52.6506,9.25,39,34,0.82,IR,1700846185
307,sisimiut,66.9395,-53.6735,-5.35,71,78,3.88,GL,1700846186
308,selsey,50.735,-0.7898,6.07,70,13,7.2,GB,1700846187
309,gisborne,-38.6533,178.0042,11.66,89,100,9.2,NZ,1700846188
310,sinabang,2.4803,96.3801,26.09,82,100,1.56,ID,1700846189
311,sydney mines,46.2367,-60.2177,5.14,64,40,9.26,CA,1700846190
312,puli,23.9664,120.9695,16.79,73,24,2.35,TW,1700846190
313,northam,51.0333,-4.2167,9.23,75,90,6.44,GB,1700846191
314,al mawsil al jadidah,36.3346,43.0978,13.71,56,0,0.79,IQ,1700846192
315,buulobarde,3.8538,45.5674,27.1,64,100,4.0,SO,1700846193
316,cuatro cienegas de carranza,26.9833,-102.0833,17.61,46,96,1.4,MX,1700846194
317,uturoa,-16.7333,-151.4333,26.34,86,100,10.58,PF,1700846195
318,alofi,-19.0595,-169.9187,23.94,100,20,2.06,NU,1700846196
319,afaahiti,-17.75,-149.2833,25.93,87,100,10.89,PF,1700846197
320,lebu,-37.6167,-73.65,15.59,70,1,5.69,CL,1700846198
321,bamboo flat,11.7,92.7167,28.05,78,40,4.63,IN,1700846199
322,prince george,53.9166,-122.753,-3.54,96,80,0.48,CA,1700846094
323,tyukhtet,56.5389,89.3011,-3.73,98,100,1.9,RU,1700846200
324,rawson,-43.3002,-65.1023,31.01,13,0,7.36,AR,1700846201
325,berdigestyakh,62.0989,126.6992,-27.61,95,100,3.22,RU,1700846202
326,chul'man,56.8479,124.9104,-22.87,92,100,4.73,RU,1700846203
327,tanjung pandan,-2.75,107.65,25.73,87,98,0.91,ID,1700846204
328,dayton,39.7589,-84.1916,5.93,66,0,6.17,US,1700846007
329,conde,-7.2597,-34.9075,29.7,54,20,5.66,BR,1700846167
330,al kharijah,25.4514,30.5464,21.42,23,100,2.06,EG,1700846206
331,wuwei,37.9281,102.6414,-2.2,43,20,2.16,CN,1700846207
332,uyuni,-20.4597,-66.825,18.1,33,90,3.41,BO,1700846208
333,visakhapatnam,17.69,83.2093,26.94,65,75,1.03,IN,1700846209
334,kalabo,-14.97,22.6814,24.24,59,78,2.79,ZM,1700846210
335,aleksandrovsk-sakhalinskiy,50.8975,142.1561,-14.69,77,100,8.45,RU,1700846210
336,aykhal,66.0,111.5,-25.52,100,100,2.31,RU,1700846211
337,escanaba,45.7453,-87.0646,-1.94,63,20,6.17,US,1700846212
338,antonio enes,-16.2325,39.9086,27.94,74,68,5.67,MZ,1700846212
339,chengde,40.9725,117.9361,-9.24,32,2,0.44,CN,1700846213
340,lufkin,31.3382,-94.7291,16.7,53,0,3.09,US,1700846096
341,kosh-agach,50.0,88.6667,-13.16,87,75,0.89,RU,1700846215
342,kerikeri,-35.2268,173.9474,8.5,84,22,3.19,NZ,1700846216
343,yima,34.7381,111.8839,-0.85,26,1,5.17,CN,1700846216
344,tazacorte,28.629,-17.9293,22.54,93,75,2.06,ES,1700846217
345,alliance,40.9153,-81.1059,3.84,80,100,4.38,US,1700846219
346,rincon,32.296,-81.2354,15.53,77,75,2.06,US,1700846219
347,wotje,9.4543,170.2367,28.06,79,45,9.01,MH,1700846220
348,lambarene,-0.7001,10.2406,23.07,95,100,0.59,GA,1700846221
349,kudahuvadhoo,2.6708,72.8944,26.75,81,100,2.46,MV,1700846222
350,yuzhno-kurilsk,44.0306,145.8556,2.99,95,98,7.47,RU,1700846222
351,shihezi,44.3,86.0333,1.4,84,33,1.02,CN,1700846224
352,polonnaruwa,7.9333,81.0,23.94,94,100,0.8,LK,1700846224
353,roberval,48.5168,-72.2324,-10.65,62,100,4.12,CA,1700846172
354,bafata,12.1667,-14.75,35.14,17,57,0.99,GW,1700846226
355,petrovsk-zabaykal'skiy,51.273,108.843,-16.92,82,100,0.85,RU,1700846227
356,bechar,31.6167,-2.2167,18.18,17,0,6.17,DZ,1700846229
357,kirakira,-10.4544,161.9205,26.37,86,52,3.81,SB,1700846230
358,dukhan,25.4297,50.7858,23.01,71,18,4.1,QA,1700846231
359,takoradi,4.8845,-1.7554,28.2,76,95,4.81,GH,1700846141
360,grand-bassam,5.2118,-3.7388,29.98,74,100,4.06,CI,1700846232
361,khorugh,37.4897,71.553,3.82,28,94,1.6,TJ,1700846233
362,lorengau,-2.0226,147.2712,27.14,79,94,1.69,PG,1700846234
363,laojunmiao,39.8333,97.7333,-1.5,35,100,0.4,CN,1700846234
364,saint-philippe,-21.3585,55.7679,24.77,81,63,6.22,RE,1700846235
365,cacabelos,42.6002,-6.7237,10.88,70,81,0.5,ES,1700846236
366,dryden,49.7833,-92.7503,-5.84,49,0,8.75,CA,1700846237
367,taiyuan,37.8694,112.5603,-1.08,29,0,6.0,CN,1700846238
368,marsh harbour,26.5412,-77.0636,25.04,73,99,0.61,BS,1700846239
369,ust'-kut,56.7938,105.7672,-19.88,97,96,1.1,RU,1700846075
370,palu,-0.8917,119.8707,24.85,96,100,1.11,ID,1700846241
371,linyi,35.0631,118.3428,-1.4,38,0,3.48,CN,1700845974
372,uaua,-9.8414,-39.4817,37.18,18,0,2.31,BR,1700846047
373,quellon,-43.1167,-73.6167,14.66,63,1,4.9,CL,1700846243
374,arba minch,6.0333,37.55,20.32,65,38,1.74,ET,1700846244
375,tutoia,-2.7619,-42.2744,30.21,61,28,7.42,BR,1700846245
376,sinop,41.7711,34.8709,10.24,74,99,3.03,TR,1700846245
377,arcachon,44.5875,-1.0519,11.03,87,100,3.6,FR,1700846247
378,sterling,39.0062,-77.4286,12.67,56,75,5.66,US,1700846217
379,alvaraes,-3.2208,-64.8042,31.93,49,93,1.89,BR,1700846249
380,mil'kovo,55.6078,37.7956,-3.65,96,100,2.15,RU,1700846250
381,matam,15.6175,-13.3303,34.46,8,28,5.57,SN,1700846251
382,camana,-16.6228,-72.7111,23.07,68,61,4.96,PE,1700846251
383,grand falls-windsor,48.9332,-55.6649,2.2,80,100,6.85,CA,1700846056
384,harrai,22.6167,79.2167,17.85,56,0,0.35,IN,1700846253
385,ambon,-3.6954,128.1814,27.82,13,40,2.57,ID,1700846254
386,yeosu,34.7546,127.6599,1.41,57,0,4.68,KR,1700846236
387,spring creek,40.7266,-115.5859,-2.06,93,100,1.84,US,1700846255
388,corner brook,48.9667,-57.9484,3.09,90,100,6.72,CA,1700846190
389,khandyga,62.6667,135.6,-34.08,100,100,0.95,RU,1700846256
390,lata,40.1629,-8.3327,13.84,71,0,1.4,PT,1700846257
391,berezovyy,51.6667,135.7,-18.81,61,49,2.61,RU,1700846258
392,utete,-7.986,38.758,24.38,88,100,1.82,TZ,1700846259
393,ojiya,37.3,138.8,4.66,87,100,5.4,JP,1700846259
394,ofunato,39.0717,141.7167,1.28,71,56,5.2,JP,1700846260
395,bei'an,24.5399,109.533,18.37,61,100,2.16,CN,1700846261
396,nishinoomote,30.7333,131.0,14.13,60,0,3.89,JP,1700846262
397,vadlapudi,14.3167,79.8,24.11,93,42,2.31,IN,1700846263
398,nieuw amsterdam,5.8833,-55.0833,29.09,84,40,2.57,SR,1700846264
399,port lincoln,-34.7333,135.8667,13.99,95,94,4.07,AU,1700846265
400,georgetown,5.4112,100.3354,27.19,74,20,4.63,MY,1700846110
401,parry sound,45.3501,-80.033,-3.97,63,69,6.57,CA,1700846266
402,pariaman,-0.619,100.12,25.03,90,100,1.22,ID,1700846267
403,citta di castello,43.4691,12.2305,12.11,81,26,1.66,IT,1700846268
404,saint-francois,46.4154,3.9054,7.69,77,100,6.69,FR,1700846268
405,qaqortoq,60.7167,-46.0333,1.06,99,100,3.17,GL,1700846269
406,ushibukamachi,32.1906,130.0228,10.23,60,2,7.13,JP,1700846270
407,nyurba,63.2842,118.3319,-33.89,100,97,0.87,RU,1700846270
408,persembe,41.0656,37.7714,14.68,70,41,2.16,TR,1700846271
409,yeppoon,-23.1333,150.7333,21.88,77,97,5.04,AU,1700846272
410,kirensk,57.7853,108.1119,-18.07,89,98,2.37,RU,1700846273
411,buka,40.8108,69.1986,13.14,32,100,1.89,UZ,1700846273
412,katsuura,35.1333,140.3,11.79,52,88,7.96,JP,1700846274
413,trincomalee,8.5711,81.2335,27.24,81,91,4.03,LK,1700846275
414,ostrov,57.3439,28.3537,-5.15,96,100,2.68,RU,1700846275
415,portland,45.5234,-122.6762,5.9,91,40,1.54,US,1700846102
416,port macquarie,-31.4333,152.9167,18.83,87,98,3.82,AU,1700846277
417,jakobstad,63.6749,22.7026,-6.71,86,92,6.88,FI,1700846277
418,singkil,-7.9855,111.4161,25.64,86,100,1.36,ID,1700846278
419,ngou,5.1959,10.3844,17.47,95,87,0.6,CM,1700846279
420,villa regina,-39.1,-67.0667,31.8,15,0,9.37,AR,1700846279
421,taksimo,56.3444,114.8794,-25.63,89,29,0.98,RU,1700846280
422,priozersk,61.0393,30.1291,-4.95,85,100,5.05,RU,1700846281
423,taoudenni,22.6783,-3.9836,23.3,14,0,5.92,ML,1700846281
424,kupang,-10.1667,123.5833,26.32,83,99,0.51,ID,1700846282
425,ulety,51.3572,112.4849,-20.04,90,58,0.85,RU,1700846283
426,vernon,50.2581,-119.2691,-0.22,85,78,0.45,CA,1700846285
427,porto novo,6.4965,2.6036,28.19,75,100,3.34,BJ,1700846285
428,nur-sultan,51.1801,71.446,-5.03,80,100,10.0,KZ,1700846286
429,phan rang-thap cham,11.5667,108.9833,22.56,88,100,3.88,VN,1700846287
430,mandalgovi,45.7625,106.2708,-12.77,79,100,4.57,MN,1700846288
431,goba,7.0167,39.9833,10.68,84,92,0.52,ET,1700846289
432,brandon,27.9378,-82.2859,18.35,76,75,4.02,US,1700846085
433,greymouth,-42.4667,171.2,6.18,78,22,5.44,NZ,1700846290
434,tweed heads,-28.1817,153.547,20.54,89,100,0.0,AU,1700846291
435,yashkul',46.1711,45.3435,6.83,80,100,9.33,RU,1700846292
436,puerto madero,14.7208,-92.4215,32.11,62,0,0.0,MX,1700846293
437,kaiyuan,23.6977,103.3037,13.56,86,67,2.81,CN,1700846294
438,barra de santo antonio,-9.4047,-35.5072,31.6,60,0,4.87,BR,1700846294
439,farafangana,-22.8167,47.8333,24.5,81,26,5.24,MG,1700846295
440,buala,-8.145,159.5921,26.21,87,88,1.03,SB,1700846296
441,axim,4.8699,-2.2405,28.18,76,92,4.42,GH,1700846297
442,camalu,30.85,-116.0667,15.92,69,76,0.93,MX,1700846298
443,najaf,31.9985,44.3398,12.88,82,0,2.57,IQ,1700846298
444,beniganj,27.2833,80.45,19.51,34,68,1.93,IN,1700846299
445,plastun,44.7561,136.2939,-12.23,59,26,7.15,RU,1700846300
446,lyantor,61.6195,72.1555,-8.26,94,100,6.41,RU,1700846301
447,tokar,18.4254,37.729,28.93,68,62,5.79,SD,1700846302
448,rabaul,-4.1967,152.1721,26.05,83,35,2.34,PG,1700846304
449,naga,13.6192,123.1814,25.03,94,64,3.85,PH,1700846305
450,seeb,23.6703,58.1891,27.05,61,0,3.09,OM,1700846305
451,lubsko,51.7847,14.972,3.82,85,90,7.56,PL,1700846306
452,betio village,1.358,172.9211,29.02,75,39,0.83,KI,1700846307
453,saint-louis,16.3333,-15.0,33.35,10,1,6.94,SN,1700846308
454,dipayal,29.2608,80.94,14.91,70,37,1.68,NP,1700846309
455,pahrump,36.2083,-115.9839,10.7,36,29,4.47,US,1700845904
456,machico,32.7,-16.7667,22.23,79,40,2.57,PT,1700846311
457,verkhniye kigi,55.4083,58.6044,-13.34,93,98,1.78,RU,1700846312
458,imbituba,-28.24,-48.6703,22.54,55,100,5.13,BR,1700846313
459,tateyama,34.9833,139.8667,12.28,54,53,8.67,JP,1700846314
460,pathein,16.7833,94.7333,23.2,85,56,2.34,MM,1700846315
461,katsuren-haebaru,26.3369,127.8719,20.22,60,75,6.17,JP,1700846316
462,ha'il,27.5219,41.6907,12.01,100,76,3.09,SA,1700846316
463,prado,-17.3411,-39.2208,29.34,67,2,7.54,BR,1700846317
464,dukhovnitskoye,52.4828,48.2137,2.44,98,100,9.64,RU,1700846318
465,mahina,-17.5065,-149.489,26.87,83,75,2.57,PF,1700846320
466,presidente medici,-11.1753,-61.9014,24.71,85,100,1.91,BR,1700846320
467,maslyanino,54.3436,84.2111,-1.04,93,100,3.76,RU,1700846321
468,salalah,17.0151,54.0924,27.05,69,0,2.06,OM,1700846322
469,lazaro cardenas,17.9583,-102.2,28.43,58,0,1.78,MX,1700846323
470,santa ana,33.7456,-117.8678,19.3,76,40,3.6,US,1700846160
471,greenville,35.6127,-77.3663,15.63,60,0,0.89,US,1700846324
472,la plata,-34.9215,-57.9545,27.8,56,1,5.59,AR,1700846325
473,pospelikha,51.95,81.7667,3.41,64,100,9.03,RU,1700846325
474,ilhabela,-23.7781,-45.3581,21.11,85,100,3.14,BR,1700846327
475,turpan,42.9333,89.1667,2.85,38,1,0.93,CN,1700846327
476,skovorodino,53.9833,123.9167,-20.9,67,11,1.93,RU,1700846328
477,mersa matruh,31.3525,27.2453,20.91,38,2,5.0,EG,1700846329
478,bonthe,7.5264,-12.505,29.32,70,74,5.89,SL,1700846330
479,wuhai,39.6647,106.8122,-4.87,25,33,1.2,CN,1700846330
480,praia,14.9215,-23.5087,29.3,61,20,9.26,CV,1700846105
481,nabire,-3.3667,135.4833,25.21,86,99,0.61,ID,1700846332
482,carutapera,-1.195,-46.02,31.93,53,36,5.2,BR,1700846333
483,kelibia,36.8476,11.0939,16.14,82,40,1.03,TN,1700846333
484,yoichi,43.2039,140.7703,-3.78,76,100,11.77,JP,1700846334
485,constantia,44.1833,28.65,10.39,75,100,2.33,RO,1700846335
486,coxen hole,16.3244,-86.5366,29.6,79,40,2.57,HN,1700846067
487,yorkton,51.2167,-102.4677,-7.09,73,20,5.66,CA,1700846195
488,pajapan,18.25,-94.7,22.09,83,58,0.64,MX,1700846337
489,al khawr,25.7667,51.3167,22.5,72,29,3.59,QA,1700846338
490,galliano,29.4422,-90.2992,15.0,72,100,4.12,US,1700846301
491,kristiansund,63.1115,7.732,5.03,81,75,7.72,NO,1700846339
492,ola,59.5833,151.2833,-20.11,90,89,9.0,RU,1700846341
493,taroudant,30.4703,-8.877,19.56,41,20,5.57,MA,1700846341
494,nyandoma,61.669,40.1991,-14.0,93,100,2.52,RU,1700846342
495,kapuskasing,49.4169,-82.4331,-10.95,67,75,6.69,CA,1700846223
496,paciran,-6.8767,112.3761,26.43,85,100,3.58,ID,1700846343
497,sao paulo de olivenca,-3.3783,-68.8725,22.53,99,100,2.07,BR,1700846345
498,sundsvall,62.3913,17.3063,-4.02,80,0,5.14,SE,1700846251
499,charters towers,-20.1,146.2667,21.96,86,100,4.7,AU,1700846347
500,ancud,-41.8697,-73.8203,14.55,66,0,4.07,CL,1700846347
501,oppdal,62.5943,9.6912,-2.81,96,97,3.02,NO,1700846348
502,mucheln,51.3,11.8167,3.23,82,99,8.4,DE,1700846349
503,bhisho,-32.8472,27.4422,16.35,95,100,0.42,ZA,1700846350
504,tindouf,27.6711,-8.1474,21.25,19,0,1.54,DZ,1700846351
505,nelson,-41.2833,173.2833,5.16,81,1,0.89,NZ,1700846352
506,antsiranana,-12.2787,49.2917,25.71,77,91,8.47,MG,1700846352
507,guane,22.2025,-84.0875,28.72,61,90,4.5,CU,1700846353
508,chirilagua,13.2203,-88.1386,30.53,52,76,1.01,SV,1700846354
509,lhasa,29.65,91.1,1.36,32,54,1.67,CN,1700846355
510,nagqu,31.5,92.0,-4.13,53,100,2.52,CN,1700846356
511,thinadhoo,0.5333,72.9333,27.16,79,100,2.89,MV,1700846357
512,swakopmund,-22.6833,14.5333,17.21,86,83,1.79,,1700846358
513,creston,41.0586,-94.3614,-2.59,42,0,6.17,US,1700846359
514,chonchi,-42.6128,-73.8092,19.51,46,0,0.44,CL,1700846201
515,tamanrasset,22.785,5.5228,15.95,11,0,7.2,DZ,1700846360
516,hobyo,5.3505,48.5268,26.76,76,100,8.34,SO,1700846361
517,mary,37.0,62.5,13.15,41,100,3.46,TM,1700846362
518,peterhead,57.5058,-1.7981,4.22,74,100,12.76,GB,1700846363
519,hacibektas,38.9408,34.5577,7.77,66,0,2.57,TR,1700846363
520,pailon,-17.65,-62.75,27.82,89,100,4.08,BO,1700846364
521,veinticinco de mayo,-35.4323,-60.1727,29.43,22,8,0.89,AR,1700846365
522,nantucket,41.2835,-70.0995,11.06,57,40,6.17,US,1700846366
523,lepsy,46.235,78.9456,7.0,60,100,3.94,KZ,1700846367
524,dalandzadgad,43.5708,104.425,-7.7,58,100,3.12,MN,1700846368
525,namtsy,62.7161,129.6658,-30.55,93,100,2.35,RU,1700846369
526,beipiao,41.7919,120.7792,-10.88,39,5,1.03,CN,1700846370
527,kaa-khem,51.6833,94.7333,-17.55,96,94,0.51,RU,1700846371
528,raduzhny,62.0961,77.475,-11.47,92,99,5.32,RU,1700846372
529,gariaband,20.635,82.0614,19.17,65,27,1.23,IN,1700846373
530,ulaangom,49.9811,92.0667,-12.04,92,96,1.36,MN,1700846373
531,coquimbo,-29.9533,-71.3436,16.85,77,75,5.14,CL,1700846374
532,goz beida,13.95,20.55,30.99,20,28,3.73,TD,1700846375
533,hualien city,23.9769,121.6044,19.94,88,99,5.18,TW,1700846376
534,punta del este,-34.9667,-54.95,19.06,55,0,5.14,UY,1700846377
535,champerico,14.3,-91.9167,33.3,62,2,1.85,GT,1700846378
536,gumel,12.6279,9.3912,29.73,23,87,2.27,NG,1700846379
537,tchintabaraden,15.8969,5.7985,30.15,18,100,4.28,NE,1700846380
538,dundalk,39.2507,-76.5205,12.79,54,0,4.63,US,1700846381
539,kuala terengganu,5.3302,103.1408,25.97,94,40,4.12,MY,1700846382
540,ulladulla,-35.35,150.4667,20.43,96,100,3.55,AU,1700846383
541,wanning,18.8003,110.3967,22.83,83,96,4.38,CN,1700846383
542,danghara,38.0958,69.34,10.12,23,100,2.51,TJ,1700846384
543,kapiri mposhi,-13.9652,28.6809,20.83,73,90,1.59,ZM,1700846385
544,kiffa,16.6166,-11.4045,32.55,8,8,4.57,MR,1700846386
545,bintulu,3.1667,113.0333,24.23,100,40,2.06,MY,1700846386
546,yiyang,28.5892,112.3283,9.37,47,42,2.82,CN,1700846387
547,nuevitas,21.5453,-77.2644,27.77,67,59,4.53,CU,1700846388
548,zahedan,29.4963,60.8629,11.95,20,40,5.14,IR,1700846389
549,badger,64.8,-147.5333,-7.02,89,0,1.54,US,1700846389
550,boa vista,2.8197,-60.6733,33.99,46,75,5.14,BR,1700846168
551,belyy yar,53.6039,91.3903,-8.06,86,100,0.0,RU,1700846391
552,bury,53.6,-2.3,4.97,73,10,2.25,GB,1700846391
553,kerrville,30.0474,-99.1403,15.85,75,0,2.06,US,1700846376
554,sidi aissa,35.8855,3.7724,10.04,76,49,6.02,DZ,1700846393
555,peruibe,-24.32,-46.9983,22.39,72,100,2.92,BR,1700846314
556,inhambane,-23.865,35.3833,24.55,90,0,3.36,MZ,1700846394
557,eydhafushi,5.1033,73.0708,26.87,79,100,1.1,MV,1700846395
558,dalbandin,28.8947,64.4101,19.81,19,98,2.13,PK,1700846396
559,leshan,29.5623,103.7639,15.68,83,100,0.71,CN,1700846396
560,chakvi,41.7187,41.7335,12.99,71,75,10.8,GE,1700846397
561,entebbe,0.0644,32.4469,22.01,73,61,0.12,UG,1700846398
562,tromso,69.6496,18.957,-4.99,68,0,4.63,NO,1700846398
563,sodankyla,67.4167,26.6,-10.7,92,100,3.4,FI,1700846399
564,praia da vitoria,38.7333,-27.0667,19.86,100,75,1.79,PT,1700846400
565,badr hunayn,23.7829,38.7905,27.29,45,69,1.48,SA,1700846401
566,rio san juan,19.6439,-70.0763,31.2,72,6,4.55,DO,1700846402
567,broken hill,-31.95,141.4333,19.04,56,0,4.64,AU,1700846355
568,orting,47.0979,-122.2043,4.63,95,0,0.0,US,1700846404
569,shengli,37.4564,118.4856,-1.23,40,0,1.3,CN,1700846405
570,fundeni,44.3833,26.35,11.31,71,100,5.69,RO,1700846406
571,valle de banderas,20.8,-105.2333,28.11,44,0,2.57,MX,1700846406
572,tual,-5.6667,132.75,28.55,74,98,1.5,ID,1700846407
573,la passe,45.5549,-0.8967,12.21,89,100,3.69,FR,1700846408
